Email,Web Address
a.maleki sharif.edu,http://sina.sharif.edu/~a.maleki
aalasti sharif.edu,http://sina.sharif.edu/~aalasti
aamini sharif.edu,http://sina.sharif.edu/~aamini
aasghari sharif.edu,http://sina.sharif.edu/~aasghari
abachi sharif.edu,http://sina.sharif.edu/~abachi
abadakhs sharif.edu,http://sina.sharif.edu/~abadakhs
abam sharif.edu,http://sina.sharif.edu/~abam
abbasa sharif.edu,http://sina.sharif.edu/~abbasa
abbaspour sharif.edu,http://sina.sharif.edu/~abbaspour
abbpor sharif.edu,http://sina.sharif.edu/~abbpor
abdmj sharif.edu,http://sina.sharif.edu/~abdmj
abdolahi sharif.edu,http://sina.sharif.edu/~abdolahi
abedian sharif.edu,http://sina.sharif.edu/~abedian
abedini sharif.edu,http://sina.sharif.edu/~abedini
abmortazavi sharif.edu,http://sina.sharif.edu/~abmortazavi
abolhassani sharif.edu,http://sina.sharif.edu/~abolhassani
aborji sharif.edu,http://sina.sharif.edu/~aborji
abrisham sharif.edu,http://sina.sharif.edu/~abrisham
abtahi sharif.edu,http://sina.sharif.edu/~abtahi
adeli sharif.edu,http://sina.sharif.edu/~adeli
adib sharif.edu,http://sina.sharif.edu/~adib
adl sharif.edu,http://sina.sharif.edu/~adl
afaghihi sharif.edu,http://sina.sharif.edu/~afaghihi
afarhadi sharif.edu,http://sina.sharif.edu/~afarhadi
afotowat sharif.edu,http://sina.sharif.edu/~afotowat
afshar sharif.edu,http://sina.sharif.edu/~afshar
afshin sharif.edu,http://sina.sharif.edu/~afshin
agha-31 sharif.edu,http://sina.sharif.edu/~agha-31
aghaderi sharif.edu,http://sina.sharif.edu/~aghaderi
aghajan sharif.edu,http://sina.sharif.edu/~aghajan
ahadian sharif.edu,http://sina.sharif.edu/~ahadian
ahaji sharif.edu,http://sina.sharif.edu/~ahaji
ahakaki sharif.edu,http://sina.sharif.edu/~ahakaki
ahanchi sharif.edu,http://sina.sharif.edu/~ahanchi
ahmadi sharif.edu,http://sina.sharif.edu/~ahmadi
ahmadian sharif.edu,http://sina.sharif.edu/~ahmadian
ahmadizadeh sharif.edu,http://sina.sharif.edu/~ahmadizadeh
ajafari sharif.edu,http://sina.sharif.edu/~ajafari
ajorloo sharif.edu,http://sina.sharif.edu/~ajorloo
akbar.shojaei sharif.edu,http://sina.sharif.edu/~akbar.shojaei
akbari sharif.edu,http://sina.sharif.edu/~akbari
akermanshah sharif.edu,http://sina.sharif.edu/~akermanshah
akhavan sharif.edu,http://sina.sharif.edu/~akhavan
alamo sharif.edu,http://sina.sharif.edu/~alamo
alavi sharif.edu,http://sina.sharif.edu/~alavi
albadvi sharif.edu,http://sina.sharif.edu/~albadvi
alemi sharif.edu,http://sina.sharif.edu/~alemi
alemzadeh sharif.edu,http://sina.sharif.edu/~alemzadeh
ali.abolhasani sharif.edu,http://sina.sharif.edu/~ali.abolhasani
ali.hosseini sharif.edu,http://sina.sharif.edu/~ali.hosseini
alireza sharif.edu,http://sina.sharif.edu/~alireza
alireza_feyz sharif.edu,http://sina.sharif.edu/~alireza_feyz
alishahi sharif.edu,http://sina.sharif.edu/~alishahi
alizadeh sharif.edu,http://sina.sharif.edu/~alizadeh
alvanchi sharif.edu,http://sina.sharif.edu/~alvanchi
amardani sharif.edu,http://sina.sharif.edu/~amardani
amini sharif.edu,http://sina.sharif.edu/~amini
aminkarami sharif.edu,http://sina.sharif.edu/~aminkarami
aminzadeh sharif.edu,http://sina.sharif.edu/~aminzadeh
amin_farjudian sharif.edu,http://sina.sharif.edu/~amin_farjudian
amjadi sharif.edu,http://sina.sharif.edu/~amjadi
amohammadi sharif.edu,http://sina.sharif.edu/~amohammadi
amolaeid sharif.edu,http://sina.sharif.edu/~amolaeid
amranjbar sharif.edu,http://sina.sharif.edu/~amranjbar
anouri sharif.edu,http://sina.sharif.edu/~anouri
anouri sharif.edu,http://sina.sharif.edu/~anouri
anvari sharif.edu,http://sina.sharif.edu/~anvari
arash sharif.edu,http://sina.sharif.edu/~arash
arasti sharif.edu,http://sina.sharif.edu/~arasti
arazavi sharif.edu,http://sina.sharif.edu/~arazavi
ardakanian sharif.edu,http://sina.sharif.edu/~ardakanian
ardalan sharif.edu,http://sina.sharif.edu/~ardalan
aref sharif.edu,http://sina.sharif.edu/~aref
arfaei sharif.edu,http://sina.sharif.edu/~arfaei
arghavani sharif.edu,http://sina.sharif.edu/~arghavani
arhami sharif.edu,http://sina.sharif.edu/~arhami
arjmand sharif.edu,http://sina.sharif.edu/~arjmand
arkhoei sharif.edu,http://sina.sharif.edu/~arkhoei
arshadi sharif.edu,http://sina.sharif.edu/~arshadi
asadi sharif.edu,http://sina.sharif.edu/~asadi
asadigarmarodi sharif.edu,http://sina.sharif.edu/~asadigarmarodi
asamimi sharif.edu,http://sina.sharif.edu/~asamimi
asghari sharif.edu,http://sina.sharif.edu/~asghari
ashjaa sharif.edu,http://sina.sharif.edu/~ashjaa
ashtiani sharif.edu,http://sina.sharif.edu/~ashtiani
ashtianimt sharif.edu,http://sina.sharif.edu/~ashtianimt
ashuri sharif.edu,http://sina.sharif.edu/~ashuri
askari sharif.edu,http://sina.sharif.edu/~askari
assadian sharif.edu,http://sina.sharif.edu/~assadian
assem sharif.edu,http://sina.sharif.edu/~assem
ata1 sharif.edu,http://sina.sharif.edu/~ata1
ataheri sharif.edu,http://sina.sharif.edu/~ataheri
ataie sharif.edu,http://sina.sharif.edu/~ataie
atarodi sharif.edu,http://sina.sharif.edu/~atarodi
avami sharif.edu,http://sina.sharif.edu/~avami
azad sharif.edu,http://sina.sharif.edu/~azad
azadegan sharif.edu,http://sina.sharif.edu/~azadegan
azarhoush sharif.edu,http://sina.sharif.edu/~azarhoush
a_kazemi sharif.edu,http://sina.sharif.edu/~a_kazemi
a_sharbatoghlie sharif.edu,http://sina.sharif.edu/~a_sharbatoghlie
a_tabrizi sharif.edu,http://sina.sharif.edu/~a_tabrizi
baghalha sharif.edu,http://sina.sharif.edu/~baghalha
bagheri sharif.edu,http://sina.sharif.edu/~bagheri
bagheri-s sharif.edu,http://sina.sharif.edu/~bagheri-s
bagherzadeh sharif.edu,http://sina.sharif.edu/~bagherzadeh
baghram sharif.edu,http://sina.sharif.edu/~baghram
bahadori sharif.edu,http://sina.sharif.edu/~bahadori
bahmanabadi sharif.edu,http://sina.sharif.edu/~bahmanabadi
bahraini sharif.edu,http://sina.sharif.edu/~bahraini
bahram sharif.edu,http://sina.sharif.edu/~bahram
bahramgiri sharif.edu,http://sina.sharif.edu/~bahramgiri
bahrami sharif.edu,http://sina.sharif.edu/~bahrami
bahrampour sharif.edu,http://sina.sharif.edu/~bahrampour
bahrani sharif.edu,http://sina.sharif.edu/~bahrani
bakhshi sharif.edu,http://sina.sharif.edu/~bakhshi
banai sharif.edu,http://sina.sharif.edu/~banai
banazadeh sharif.edu,http://sina.sharif.edu/~banazadeh
barakchian sharif.edu,http://sina.sharif.edu/~barakchian
barkeshli sharif.edu,http://sina.sharif.edu/~barkeshli
bastani sharif.edu,http://sina.sharif.edu/~bastani
bastanih sharif.edu,http://sina.sharif.edu/~bastanih
bayat sharif.edu,http://sina.sharif.edu/~bayat
bayati sharif.edu,http://sina.sharif.edu/~bayati
behnia sharif.edu,http://sina.sharif.edu/~behnia
behroozi sharif.edu,http://sina.sharif.edu/~behroozi
behshad sharif.edu,http://sina.sharif.edu/~behshad
behzadipour sharif.edu,http://sina.sharif.edu/~behzadipour
beigy sharif.edu,http://sina.sharif.edu/~beigy
bifa sharif.edu,http://sina.sharif.edu/~bifa
biguesh sharif.edu,http://sina.sharif.edu/~biguesh
borghei sharif.edu,http://sina.sharif.edu/~borghei
borhani sharif.edu,http://sina.sharif.edu/~borhani
boroushaki sharif.edu,http://sina.sharif.edu/~boroushaki
chamran sharif.edu,http://sina.sharif.edu/~chamran
chatrchi sharif.edu,http://sina.sharif.edu/~chatrchi
chizari sharif.edu,http://sina.sharif.edu/~chizari
dabirian sharif.edu,http://sina.sharif.edu/~dabirian
daneshgar sharif.edu,http://sina.sharif.edu/~daneshgar
daneshi sharif.edu,http://sina.sharif.edu/~daneshi
darbandi sharif.edu,http://sina.sharif.edu/~darbandi
dargahi sharif.edu,http://sina.sharif.edu/~dargahi
davami sharif.edu,http://sina.sharif.edu/~davami
dboghaei sharif.edu,http://sina.sharif.edu/~dboghaei
dolati sharif.edu,http://sina.sharif.edu/~dolati
dolatshahi sharif.edu,http://sina.sharif.edu/~dolatshahi
dshadman sharif.edu,http://sina.sharif.edu/~dshadman
durali sharif.edu,http://sina.sharif.edu/~durali
e.vafa sharif.edu,http://sina.sharif.edu/~e.vafa
ebrahimi_a sharif.edu,http://sina.sharif.edu/~ebrahimi_a
ehsan sharif.edu,http://sina.sharif.edu/~ehsan
ehsan sharif.edu,http://sina.sharif.edu/~ehsan
ejlali sharif.edu,http://sina.sharif.edu/~ejlali
ejtehadi sharif.edu,http://sina.sharif.edu/~ejtehadi
ekrami sharif.edu,http://sina.sharif.edu/~ekrami
emahmood sharif.edu,http://sina.sharif.edu/~emahmood
esfahani sharif.edu,http://sina.sharif.edu/~esfahani
eshghi sharif.edu,http://sina.sharif.edu/~eshghi
eshragh sharif.edu,http://sina.sharif.edu/~eshragh
eskandari sharif.edu,http://sina.sharif.edu/~eskandari
eslami sharif.edu,http://sina.sharif.edu/~eslami
esmaili sharif.edu,http://sina.sharif.edu/~esmaili
esmailzadeh sharif.edu,http://sina.sharif.edu/~esmailzadeh
etemady sharif.edu,http://sina.sharif.edu/~etemady
e_yavari sharif.edu,http://sina.sharif.edu/~e_yavari
f.nili sharif.edu,http://sina.sharif.edu/~f.nili
faez sharif.edu,http://sina.sharif.edu/~faez
faghihi sharif.edu,http://sina.sharif.edu/~faghihi
fahmi sharif.edu,http://sina.sharif.edu/~fahmi
fakharzadeh sharif.edu,http://sina.sharif.edu/~fakharzadeh
fallah sharif.edu,http://sina.sharif.edu/~fallah
fanai sharif.edu,http://sina.sharif.edu/~fanai
farahmand sharif.edu,http://sina.sharif.edu/~farahmand
fardin sharif.edu,http://sina.sharif.edu/~fardin
fardmanesh sharif.edu,http://sina.sharif.edu/~fardmanesh
farhadi sharif.edu,http://sina.sharif.edu/~farhadi
farhadpour sharif.edu,http://sina.sharif.edu/~farhadpour
farrahi sharif.edu,http://sina.sharif.edu/~farrahi
farshchi sharif.edu,http://sina.sharif.edu/~farshchi
farshchi sharif.edu,http://sina.sharif.edu/~farshchi
farzaneh sharif.edu,http://sina.sharif.edu/~farzaneh
fatehrm sharif.edu,http://sina.sharif.edu/~fatehrm
fatemi sharif.edu,http://sina.sharif.edu/~fatemi
fatemizadeh sharif.edu,http://sina.sharif.edu/~fatemizadeh
fathi sharif.edu,http://sina.sharif.edu/~fathi
fatoorchi sharif.edu,http://sina.sharif.edu/~fatoorchi
fattahi sharif.edu,http://sina.sharif.edu/~fattahi
ffatemi sharif.edu,http://sina.sharif.edu/~ffatemi
firoozabadi sharif.edu,http://sina.sharif.edu/~firoozabadi
firoozbakhsh sharif.edu,http://sina.sharif.edu/~firoozbakhsh
firouzabadi sharif.edu,http://sina.sharif.edu/~firouzabadi
fkianfar sharif.edu,http://sina.sharif.edu/~fkianfar
foroughmand sharif.edu,http://sina.sharif.edu/~foroughmand
fotouhi sharif.edu,http://sina.sharif.edu/~fotouhi
fotuhi sharif.edu,http://sina.sharif.edu/~fotuhi
frounchi sharif.edu,http://sina.sharif.edu/~frounchi
fvalilai sharif.edu,http://sina.sharif.edu/~fvalilai
f_mohseni sharif.edu,http://sina.sharif.edu/~f_mohseni
g.k.haddad sharif.edu,http://sina.sharif.edu/~g.k.haddad
ghaemian sharif.edu,http://sina.sharif.edu/~ghaemian
ghaemmag sharif.edu,http://sina.sharif.edu/~ghaemmag
ghaemmag sharif.edu,http://sina.sharif.edu/~ghaemmag
ghafourian sharif.edu,http://sina.sharif.edu/~ghafourian
ghalkhani sharif.edu,http://sina.sharif.edu/~ghalkhani
ghan sharif.edu,http://sina.sharif.edu/~ghan
ghanbari sharif.edu,http://sina.sharif.edu/~ghanbari
ghanbarpour sharif.edu,http://sina.sharif.edu/~ghanbarpour
ghannad sharif.edu,http://sina.sharif.edu/~ghannad
ghannad sharif.edu,http://sina.sharif.edu/~ghannad
ghasemi sharif.edu,http://sina.sharif.edu/~ghasemi
ghasemzadeh sharif.edu,http://sina.sharif.edu/~ghasemzadeh
ghayoor sharif.edu,http://sina.sharif.edu/~ghayoor
ghazanfari sharif.edu,http://sina.sharif.edu/~ghazanfari
ghodsi sharif.edu,http://sina.sharif.edu/~ghodsi
ghofrani sharif.edu,http://sina.sharif.edu/~ghofrani
gholami sharif.edu,http://sina.sharif.edu/~gholami
gholipour sharif.edu,http://sina.sharif.edu/~gholipour
ghorashi sharif.edu,http://sina.sharif.edu/~ghorashi
ghorbani sharif.edu,http://sina.sharif.edu/~ghorbani
ghorbanian sharif.edu,http://sina.sharif.edu/~ghorbanian
ghotbi sharif.edu,http://sina.sharif.edu/~ghotbi
gobal sharif.edu,http://sina.sharif.edu/~gobal
golafshani sharif.edu,http://sina.sharif.edu/~golafshani
golestani sharif.edu,http://sina.sharif.edu/~golestani
golnabi sharif.edu,http://sina.sharif.edu/~golnabi
golshani sharif.edu,http://sina.sharif.edu/~golshani
goodarznia sharif.edu,http://sina.sharif.edu/~goodarznia
goudarzi sharif.edu,http://sina.sharif.edu/~goudarzi
guran sharif.edu,http://sina.sharif.edu/~guran
h.parastar sharif.edu,http://sina.sharif.edu/~h.parastar
habibzadeh sharif.edu,http://sina.sharif.edu/~habibzadeh
haddadpour sharif.edu,http://sina.sharif.edu/~haddadpour
hadi_n sharif.edu,http://sina.sharif.edu/~hadi_n
haeri sharif.edu,http://sina.sharif.edu/~haeri
haji sharif.edu,http://sina.sharif.edu/~haji
hajilouy sharif.edu,http://sina.sharif.edu/~hajilouy
hajipour sharif.edu,http://sina.sharif.edu/~hajipour
hakim sharif.edu,http://sina.sharif.edu/~hakim
hakimjavadi sharif.edu,http://sina.sharif.edu/~hakimjavadi
halali sharif.edu,http://sina.sharif.edu/~halali
hamed.kashani sharif.edu,http://sina.sharif.edu/~hamed.kashani
hamedmoradi sharif.edu,http://sina.sharif.edu/~hamedmoradi
hannani sharif.edu,http://sina.sharif.edu/~hannani
hariri sharif.edu,http://sina.sharif.edu/~hariri
hasani sharif.edu,http://sina.sharif.edu/~hasani
hashemi sharif.edu,http://sina.sharif.edu/~hashemi
hatef sharif.edu,http://sina.sharif.edu/~hatef
hedayati sharif.edu,http://sina.sharif.edu/~hedayati
hemati sharif.edu,http://sina.sharif.edu/~hemati
hemmatyar sharif.edu,http://sina.sharif.edu/~hemmatyar
hesaraki sharif.edu,http://sina.sharif.edu/~hesaraki
hessabi sharif.edu,http://sina.sharif.edu/~hessabi
heydari sharif.edu,http://sina.sharif.edu/~heydari
heydarnoori sharif.edu,http://sina.sharif.edu/~heydarnoori
hfarhadi sharif.edu,http://sina.sharif.edu/~hfarhadi
hfarkhondeh sharif.edu,http://sina.sharif.edu/~hfarkhondeh
hmirian sharif.edu,http://sina.sharif.edu/~hmirian
hoda sharif.edu,http://sina.sharif.edu/~hoda
hormozi sharif.edu,http://sina.sharif.edu/~hormozi
hoseini sharif.edu,http://sina.sharif.edu/~hoseini
hoseinih sharif.edu,http://sina.sharif.edu/~hoseinih
hoshmand sharif.edu,http://sina.sharif.edu/~hoshmand
hossein sharif.edu,http://sina.sharif.edu/~hossein
hosseini sharif.edu,http://sina.sharif.edu/~hosseini
hosseinim sharif.edu,http://sina.sharif.edu/~hosseinim
hossein_torabi sharif.edu,http://sina.sharif.edu/~hossein_torabi
hoviat sharif.edu,http://sina.sharif.edu/~hoviat
h_haghshenas sharif.edu,http://sina.sharif.edu/~h_haghshenas
ilzafrima sharif.edu,http://sina.sharif.edu/~ilzafrima
imangh sharif.edu,http://sina.sharif.edu/~imangh
iraj sharif.edu,http://sina.sharif.edu/~iraj
iraji sharif.edu,http://sina.sharif.edu/~iraji
isaai sharif.edu,http://sina.sharif.edu/~isaai
izadi sharif.edu,http://sina.sharif.edu/~izadi
j.noori sharif.edu,http://sina.sharif.edu/~j.noori
jabbari sharif.edu,http://sina.sharif.edu/~jabbari
jafari sharif.edu,http://sina.sharif.edu/~jafari
jahangard sharif.edu,http://sina.sharif.edu/~jahangard
jahangir sharif.edu,http://sina.sharif.edu/~jahangir
jahantigh sharif.edu,http://sina.sharif.edu/~jahantigh
jahed sharif.edu,http://sina.sharif.edu/~jahed
jalali sharif.edu,http://sina.sharif.edu/~jalali
jalili sharif.edu,http://sina.sharif.edu/~jalili
jamal sharif.edu,http://sina.sharif.edu/~jamal
jamali sharif.edu,http://sina.sharif.edu/~jamali
jamshidi sharif.edu,http://sina.sharif.edu/~jamshidi
jamzad sharif.edu,http://sina.sharif.edu/~jamzad
jasalehi sharif.edu,http://sina.sharif.edu/~jasalehi
jhabibi sharif.edu,http://sina.sharif.edu/~jhabibi
jhakimi sharif.edu,http://sina.sharif.edu/~jhakimi
joghatae sharif.edu,http://sina.sharif.edu/~joghatae
jtavakkoli sharif.edu,http://sina.sharif.edu/~jtavakkoli
k1 sharif.edu,http://sina.sharif.edu/~k1
kaboli sharif.edu,http://sina.sharif.edu/~kaboli
kalhor sharif.edu,http://sina.sharif.edu/~kalhor
karimig sharif.edu,http://sina.sharif.edu/~karimig
kariminia sharif.edu,http://sina.sharif.edu/~kariminia
kavehvash sharif.edu,http://sina.sharif.edu/~kavehvash
kavianpour sharif.edu,http://sina.sharif.edu/~kavianpour
kaymaram sharif.edu,http://sina.sharif.edu/~kaymaram
kazemi sharif.edu,http://sina.sharif.edu/~kazemi
kazemini sharif.edu,http://sina.sharif.edu/~kazemini
kebriaee sharif.edu,http://sina.sharif.edu/~kebriaee
khakian sharif.edu,http://sina.sharif.edu/~khakian
khalaj sharif.edu,http://sina.sharif.edu/~khalaj
khalessi sharif.edu,http://sina.sharif.edu/~khalessi
khalili sharif.edu,http://sina.sharif.edu/~khalili
khalilinasr sharif.edu,http://sina.sharif.edu/~khalilinasr
khaloo sharif.edu,http://sina.sharif.edu/~khaloo
kharrazi sharif.edu,http://sina.sharif.edu/~kharrazi
khavasi sharif.edu,http://sina.sharif.edu/~khavasi
khayyat sharif.edu,http://sina.sharif.edu/~khayyat
khejran sharif.edu,http://sina.sharif.edu/~khejran
khodaygan sharif.edu,http://sina.sharif.edu/~khodaygan
khomami sharif.edu,http://sina.sharif.edu/~khomami
khonsari sharif.edu,http://sina.sharif.edu/~khonsari
khorasani sharif.edu,http://sina.sharif.edu/~khorasani
khorashe sharif.edu,http://sina.sharif.edu/~khorashe
khoshdel sharif.edu,http://sina.sharif.edu/~khoshdel
khosravi sharif.edu,http://sina.sharif.edu/~khosravi
khosravizadeh sharif.edu,http://sina.sharif.edu/~khosravizadeh
khosroabadi sharif.edu,http://sina.sharif.edu/~khosroabadi
kiamehr sharif.edu,http://sina.sharif.edu/~kiamehr
kianfar sharif.edu,http://sina.sharif.edu/~kianfar
kjavadi sharif.edu,http://sina.sharif.edu/~kjavadi
kmahmoud sharif.edu,http://sina.sharif.edu/~kmahmoud
knayebi sharif.edu,http://sina.sharif.edu/~knayebi
kokabi sharif.edu,http://sina.sharif.edu/~kokabi
koohi sharif.edu,http://sina.sharif.edu/~koohi
ksadeghi sharif.edu,http://sina.sharif.edu/~ksadeghi
ktaheri sharif.edu,http://sina.sharif.edu/~ktaheri
labaf sharif.edu,http://sina.sharif.edu/~labaf
langari sharif.edu,http://sina.sharif.edu/~langari
lkhatami sharif.edu,http://sina.sharif.edu/~lkhatami
lsabbaghian sharif.edu,http://sina.sharif.edu/~lsabbaghian
m-asoudeh sharif.edu,http://sina.sharif.edu/~m-asoudeh
m.najmi sharif.edu,http://sina.sharif.edu/~m.najmi
m.nili sharif.edu,http://sina.sharif.edu/~m.nili
m.saadatmand sharif.edu,http://sina.sharif.edu/~m.saadatmand
madaah sharif.edu,http://sina.sharif.edu/~madaah
madanizadeh sharif.edu,http://sina.sharif.edu/~madanizadeh
maghsoodi sharif.edu,http://sina.sharif.edu/~maghsoodi
mahbah sharif.edu,http://sina.sharif.edu/~mahbah
mahboobi sharif.edu,http://sina.sharif.edu/~mahboobi
mahdavi sharif.edu,http://sina.sharif.edu/~mahdavi
mahdavih sharif.edu,http://sina.sharif.edu/~mahdavih
mahdi sharif.edu,http://sina.sharif.edu/~mahdi
mahlooji sharif.edu,http://sina.sharif.edu/~mahlooji
mahmood sharif.edu,http://sina.sharif.edu/~mahmood
mahsuli sharif.edu,http://sina.sharif.edu/~mahsuli
mak sharif.edu,http://sina.sharif.edu/~mak
mak sharif.edu,http://sina.sharif.edu/~mak
makbari sharif.edu,http://sina.sharif.edu/~makbari
makiani sharif.edu,http://sina.sharif.edu/~makiani
malaek sharif.edu,http://sina.sharif.edu/~malaek
malaek sharif.edu,http://sina.sharif.edu/~malaek
maleki sharif.edu,http://sina.sharif.edu/~maleki
mansouri sharif.edu,http://sina.sharif.edu/~mansouri
manzuri sharif.edu,http://sina.sharif.edu/~manzuri
mardani sharif.edu,http://sina.sharif.edu/~mardani
mardeshir sharif.edu,http://sina.sharif.edu/~mardeshir
marvasti sharif.edu,http://sina.sharif.edu/~marvasti
mashayekhan sharif.edu,http://sina.sharif.edu/~mashayekhan
mashayekhi sharif.edu,http://sina.sharif.edu/~mashayekhi
mashhadi sharif.edu,http://sina.sharif.edu/~mashhadi
masihi sharif.edu,http://sina.sharif.edu/~masihi
masoudtalebian sharif.edu,http://sina.sharif.edu/~masoudtalebian
masoum sharif.edu,http://sina.sharif.edu/~masoum
massoumian sharif.edu,http://sina.sharif.edu/~massoumian
matin sharif.edu,http://sina.sharif.edu/~matin
matloubi sharif.edu,http://sina.sharif.edu/~matloubi
mazaheri sharif.edu,http://sina.sharif.edu/~mazaheri
mbazargan sharif.edu,http://sina.sharif.edu/~mbazargan
mbehzad sharif.edu,http://sina.sharif.edu/~mbehzad
mborghei sharif.edu,http://sina.sharif.edu/~mborghei
mbshams sharif.edu,http://sina.sharif.edu/~mbshams
mbzadeh sharif.edu,http://sina.sharif.edu/~mbzadeh
mech sharif.edu,http://sina.sharif.edu/~mech
medi sharif.edu,http://sina.sharif.edu/~medi
meghdari sharif.edu,http://sina.sharif.edu/~meghdari
mehdi sharif.edu,http://sina.sharif.edu/~mehdi
mehrany sharif.edu,http://sina.sharif.edu/~mehrany
mehri sharif.edu,http://sina.sharif.edu/~mehri
memarzadeh sharif.edu,http://sina.sharif.edu/~memarzadeh
mfarahani sharif.edu,http://sina.sharif.edu/~mfarahani
mfatehi sharif.edu,http://sina.sharif.edu/~mfatehi
mhalavi sharif.edu,http://sina.sharif.edu/~mhalavi
mhamedani sharif.edu,http://sina.sharif.edu/~mhamedani
mhashemi sharif.edu,http://sina.sharif.edu/~mhashemi
mhsadagh sharif.edu,http://sina.sharif.edu/~mhsadagh
miremadi sharif.edu,http://sina.sharif.edu/~miremadi
mirmohseni sharif.edu,http://sina.sharif.edu/~mirmohseni
mirsadeghi sharif.edu,http://sina.sharif.edu/~mirsadeghi
mirzai sharif.edu,http://sina.sharif.edu/~mirzai
mjafari sharif.edu,http://sina.sharif.edu/~mjafari
mjalali sharif.edu,http://sina.sharif.edu/~mjalali
mjalili sharif.edu,http://sina.sharif.edu/~mjalili
mjamaali sharif.edu,http://sina.sharif.edu/~mjamaali
mkazemi sharif.edu,http://sina.sharif.edu/~mkazemi
mkermanshah sharif.edu,http://sina.sharif.edu/~mkermanshah
mmahmadi sharif.edu,http://sina.sharif.edu/~mmahmadi
mmahmoudi sharif.edu,http://sina.sharif.edu/~mmahmoudi
mmahmoudi sharif.edu,http://sina.sharif.edu/~mmahmoudi
mmoslemi sharif.edu,http://sina.sharif.edu/~mmoslemi
mmottaghi sharif.edu,http://sina.sharif.edu/~mmottaghi
mmrohany sharif.edu,http://sina.sharif.edu/~mmrohany
mmrohany sharif.edu,http://sina.sharif.edu/~mmrohany
mnasiri sharif.edu,http://sina.sharif.edu/~mnasiri
mnourim sharif.edu,http://sina.sharif.edu/~mnourim
moameni sharif.edu,http://sina.sharif.edu/~moameni
moattar sharif.edu,http://sina.sharif.edu/~moattar
mobed sharif.edu,http://sina.sharif.edu/~mobed
modares sharif.edu,http://sina.sharif.edu/~modares
modarres sharif.edu,http://sina.sharif.edu/~modarres
mofid sharif.edu,http://sina.sharif.edu/~mofid
mofid sharif.edu,http://sina.sharif.edu/~mofid
moghadam sharif.edu,http://sina.sharif.edu/~moghadam
moghadasi sharif.edu,http://sina.sharif.edu/~moghadasi
moghadassian sharif.edu,http://sina.sharif.edu/~moghadassian
mohajer sharif.edu,http://sina.sharif.edu/~mohajer
mohammadi sharif.edu,http://sina.sharif.edu/~mohammadi
mohammadi sharif.edu,http://sina.sharif.edu/~mohammadi
mohammadpour sharif.edu,http://sina.sharif.edu/~mohammadpour
moini sharif.edu,http://sina.sharif.edu/~moini
moinzadeh sharif.edu,http://sina.sharif.edu/~moinzadeh
mokhtari sharif.edu,http://sina.sharif.edu/~mokhtari
mokhtarzadeh sharif.edu,http://sina.sharif.edu/~mokhtarzadeh
momeni sharif.edu,http://sina.sharif.edu/~momeni
moosavi sharif.edu,http://sina.sharif.edu/~moosavi
morad sharif.edu,http://sina.sharif.edu/~morad
moradi sharif.edu,http://sina.sharif.edu/~moradi
mortaheb sharif.edu,http://sina.sharif.edu/~mortaheb
mortezamahmoudi sharif.edu,http://sina.sharif.edu/~mortezamahmoudi
moshfegh sharif.edu,http://sina.sharif.edu/~moshfegh
moslehi sharif.edu,http://sina.sharif.edu/~moslehi
moslemi sharif.edu,http://sina.sharif.edu/~moslemi
mostafavi sharif.edu,http://sina.sharif.edu/~mostafavi
mostaghim sharif.edu,http://sina.sharif.edu/~mostaghim
motahari sharif.edu,http://sina.sharif.edu/~motahari
mottaghi sharif.edu,http://sina.sharif.edu/~mottaghi
mousavi sharif.edu,http://sina.sharif.edu/~mousavi
movaghar sharif.edu,http://sina.sharif.edu/~movaghar
movahedi sharif.edu,http://sina.sharif.edu/~movahedi
movahedian sharif.edu,http://sina.sharif.edu/~movahedian
movahhed sharif.edu,http://sina.sharif.edu/~movahhed
mozafari sharif.edu,http://sina.sharif.edu/~mozafari
mozaffar sharif.edu,http://sina.sharif.edu/~mozaffar
msaadat sharif.edu,http://sina.sharif.edu/~msaadat
msafari sharif.edu,http://sina.sharif.edu/~msafari
msalehi sharif.edu,http://sina.sharif.edu/~msalehi
msharif sharif.edu,http://sina.sharif.edu/~msharif
msharifk sharif.edu,http://sina.sharif.edu/~msharifk
msohrabpour sharif.edu,http://sina.sharif.edu/~msohrabpour
msoltani sharif.edu,http://sina.sharif.edu/~msoltani
msoltani sharif.edu,http://sina.sharif.edu/~msoltani
msoltanieh sharif.edu,http://sina.sharif.edu/~msoltanieh
mssaidi sharif.edu,http://sina.sharif.edu/~mssaidi
mtaghva sharif.edu,http://sina.sharif.edu/~mtaghva
mtmanzari sharif.edu,http://sina.sharif.edu/~mtmanzari
musavi sharif.edu,http://sina.sharif.edu/~musavi
m_behzad sharif.edu,http://sina.sharif.edu/~m_behzad
m_eslami sharif.edu,http://sina.sharif.edu/~m_eslami
m_movahedi sharif.edu,http://sina.sharif.edu/~m_movahedi
m_saadat sharif.edu,http://sina.sharif.edu/~m_saadat
m_saadat sharif.edu,http://sina.sharif.edu/~m_saadat
m_salehi sharif.edu,http://sina.sharif.edu/~m_salehi
nader sharif.edu,http://sina.sharif.edu/~nader
naghdabd sharif.edu,http://sina.sharif.edu/~naghdabd
nahid sharif.edu,http://sina.sharif.edu/~nahid
najafi sharif.edu,http://sina.sharif.edu/~najafi
najafi.mehdi sharif.edu,http://sina.sharif.edu/~najafi.mehdi
najafima sharif.edu,http://sina.sharif.edu/~najafima
najigivi sharif.edu,http://sina.sharif.edu/~najigivi
namvar sharif.edu,http://sina.sharif.edu/~namvar
narimani sharif.edu,http://sina.sharif.edu/~narimani
naseri sharif.edu,http://sina.sharif.edu/~naseri
naserv sharif.edu,http://sina.sharif.edu/~naserv
nasiri sharif.edu,http://sina.sharif.edu/~nasiri
nassiri sharif.edu,http://sina.sharif.edu/~nassiri
nategh sharif.edu,http://sina.sharif.edu/~nategh
navaz sharif.edu,http://sina.sharif.edu/~navaz
navazi sharif.edu,http://sina.sharif.edu/~navazi
nayebi sharif.edu,http://sina.sharif.edu/~nayebi
nazari sharif.edu,http://sina.sharif.edu/~nazari
nejat sharif.edu,http://sina.sharif.edu/~nejat
nemati sharif.edu,http://sina.sharif.edu/~nemati
nezamm sharif.edu,http://sina.sharif.edu/~nezamm
niaki sharif.edu,http://sina.sharif.edu/~niaki
niknam sharif.edu,http://sina.sharif.edu/~niknam
nnafari sharif.edu,http://sina.sharif.edu/~nnafari
nobahari sharif.edu,http://sina.sharif.edu/~nobahari
nobakhti sharif.edu,http://sina.sharif.edu/~nobakhti
nojumi sharif.edu,http://sina.sharif.edu/~nojumi
nosier sharif.edu,http://sina.sharif.edu/~nosier
nourbakhsh sharif.edu,http://sina.sharif.edu/~nourbakhsh
nr.karami sharif.edu,http://sina.sharif.edu/~nr.karami
nsalmasi sharif.edu,http://sina.sharif.edu/~nsalmasi
nvosoughi sharif.edu,http://sina.sharif.edu/~nvosoughi
oakhavan sharif.edu,http://sina.sharif.edu/~oakhavan
omidvar sharif.edu,http://sina.sharif.edu/~omidvar
oraee sharif.edu,http://sina.sharif.edu/~oraee
oskoie sharif.edu,http://sina.sharif.edu/~oskoie
ostad sharif.edu,http://sina.sharif.edu/~ostad
outokesh sharif.edu,http://sina.sharif.edu/~outokesh
pak sharif.edu,http://sina.sharif.edu/~pak
pakravan sharif.edu,http://sina.sharif.edu/~pakravan
parniani sharif.edu,http://sina.sharif.edu/~parniani
parsafar sharif.edu,http://sina.sharif.edu/~parsafar
parvizi sharif.edu,http://sina.sharif.edu/~parvizi
pesasanpour sharif.edu,http://sina.sharif.edu/~pesasanpour
pezeshk sharif.edu,http://sina.sharif.edu/~pezeshk
pircheraghi sharif.edu,http://sina.sharif.edu/~pircheraghi
pireyar sharif.edu,http://sina.sharif.edu/~pireyar
pishvaie sharif.edu,http://sina.sharif.edu/~pishvaie
porzahed sharif.edu,http://sina.sharif.edu/~porzahed
pouranvari sharif.edu,http://sina.sharif.edu/~pouranvari
pourazin sharif.edu,http://sina.sharif.edu/~pourazin
pournaki sharif.edu,http://sina.sharif.edu/~pournaki
pourtak sharif.edu,http://sina.sharif.edu/~pourtak
purazrang sharif.edu,http://sina.sharif.edu/~purazrang
purgol sharif.edu,http://sina.sharif.edu/~purgol
purjavad sharif.edu,http://sina.sharif.edu/~purjavad
raahemi sharif.edu,http://sina.sharif.edu/~raahemi
rabiee sharif.edu,http://sina.sharif.edu/~rabiee
rad sharif.edu,http://sina.sharif.edu/~rad
rafiee sharif.edu,http://sina.sharif.edu/~rafiee
rahimi sharif.edu,http://sina.sharif.edu/~rahimi
rahimitabar sharif.edu,http://sina.sharif.edu/~rahimitabar
rahmati sharif.edu,http://sina.sharif.edu/~rahmati
rahvar sharif.edu,http://sina.sharif.edu/~rahvar
raie sharif.edu,http://sina.sharif.edu/~raie
rajabi sharif.edu,http://sina.sharif.edu/~rajabi
ramazani sharif.edu,http://sina.sharif.edu/~ramazani
ramazani sharif.edu,http://sina.sharif.edu/~ramazani
ramezanian sharif.edu,http://sina.sharif.edu/~ramezanian
ramsin sharif.edu,http://sina.sharif.edu/~ramsin
ranjbarm sharif.edu,http://sina.sharif.edu/~ranjbarm
rashidia sharif.edu,http://sina.sharif.edu/~rashidia
rashidia sharif.edu,http://sina.sharif.edu/~rashidia
rashtchian sharif.edu,http://sina.sharif.edu/~rashtchian
rashtchian sharif.edu,http://sina.sharif.edu/~rashtchian
rastegar sharif.edu,http://sina.sharif.edu/~rastegar
ravanbod sharif.edu,http://sina.sharif.edu/~ravanbod
razavi sharif.edu,http://sina.sharif.edu/~razavi
razvan sharif.edu,http://sina.sharif.edu/~razvan
rbozorgmehry sharif.edu,http://sina.sharif.edu/~rbozorgmehry
reihani sharif.edu,http://sina.sharif.edu/~reihani
rejaei sharif.edu,http://sina.sharif.edu/~rejaei
reza.akbari sharif.edu,http://sina.sharif.edu/~reza.akbari
rezabagh sharif.edu,http://sina.sharif.edu/~rezabagh
rezabagh sharif.edu,http://sina.sharif.edu/~rezabagh
rezakhani sharif.edu,http://sina.sharif.edu/~rezakhani
rikhtegari sharif.edu,http://sina.sharif.edu/~rikhtegari
rkia sharif.edu,http://sina.sharif.edu/~rkia
rofooei sharif.edu,http://sina.sharif.edu/~rofooei
rohani sharif.edu,http://sina.sharif.edu/~rohani
roosta sharif.edu,http://sina.sharif.edu/~roosta
roshandel sharif.edu,http://sina.sharif.edu/~roshandel
roshanzamir sharif.edu,http://sina.sharif.edu/~roshanzamir
rtavakoli sharif.edu,http://sina.sharif.edu/~rtavakoli
s.ghasemi sharif.edu,http://sina.sharif.edu/~s.ghasemi
sabbaghchi sharif.edu,http://sina.sharif.edu/~sabbaghchi
saboohi sharif.edu,http://sina.sharif.edu/~saboohi
sadati sharif.edu,http://sina.sharif.edu/~sadati
sadeghi sharif.edu,http://sina.sharif.edu/~sadeghi
sadeghipour sharif.edu,http://sina.sharif.edu/~sadeghipour
sadighi sharif.edu,http://sina.sharif.edu/~sadighi
sadooghi sharif.edu,http://sina.sharif.edu/~sadooghi
sadrnezh sharif.edu,http://sina.sharif.edu/~sadrnezh
sadughi sharif.edu,http://sina.sharif.edu/~sadughi
saeed sharif.edu,http://sina.sharif.edu/~saeed
saeed.shad sharif.edu,http://sina.sharif.edu/~saeed.shad
safaieh sharif.edu,http://sina.sharif.edu/~safaieh
safari sharif.edu,http://sina.sharif.edu/~safari
safarian sharif.edu,http://sina.sharif.edu/~safarian
safdarian sharif.edu,http://sina.sharif.edu/~safdarian
safekordi sharif.edu,http://sina.sharif.edu/~safekordi
saghafi sharif.edu,http://sina.sharif.edu/~saghafi
sahosseini sharif.edu,http://sina.sharif.edu/~sahosseini
saidi sharif.edu,http://sina.sharif.edu/~saidi
sajadi sharif.edu,http://sina.sharif.edu/~sajadi
salarieh sharif.edu,http://sina.sharif.edu/~salarieh
salehi sharif.edu,http://sina.sharif.edu/~salehi
salehy sharif.edu,http://sina.sharif.edu/~salehy
salmasi sharif.edu,http://sina.sharif.edu/~salmasi
samadfam sharif.edu,http://sina.sharif.edu/~samadfam
saman sharif.edu,http://sina.sharif.edu/~saman
samanimi sharif.edu,http://sina.sharif.edu/~samanimi
sameti sharif.edu,http://sina.sharif.edu/~sameti
samimi sharif.edu,http://sina.sharif.edu/~samimi
sanaei sharif.edu,http://sina.sharif.edu/~sanaei
sani sharif.edu,http://sina.sharif.edu/~sani
sarvari sharif.edu,http://sina.sharif.edu/~sarvari
sasgari sharif.edu,http://sina.sharif.edu/~sasgari
sattari sharif.edu,http://sina.sharif.edu/~sattari
sayyaadi sharif.edu,http://sina.sharif.edu/~sayyaadi
sayyah sharif.edu,http://sina.sharif.edu/~sayyah
sbalavi sharif.edu,http://sina.sharif.edu/~sbalavi
sbanki sharif.edu,http://sina.sharif.edu/~sbanki
sbayat sharif.edu,http://sina.sharif.edu/~sbayat
seif sharif.edu,http://sina.sharif.edu/~seif
sepehri sharif.edu,http://sina.sharif.edu/~sepehri
serajzadeh sharif.edu,http://sina.sharif.edu/~serajzadeh
setayesh sharif.edu,http://sina.sharif.edu/~setayesh
seyed.emamian sharif.edu,http://sina.sharif.edu/~seyed.emamian
seyedan sharif.edu,http://sina.sharif.edu/~seyedan
seyedjavadmiri sharif.edu,http://sina.sharif.edu/~seyedjavadmiri
shadravan sharif.edu,http://sina.sharif.edu/~shadravan
shadrokh sharif.edu,http://sina.sharif.edu/~shadrokh
shafahi sharif.edu,http://sina.sharif.edu/~shafahi
shafiee sharif.edu,http://sina.sharif.edu/~shafiee
shahab sharif.edu,http://sina.sharif.edu/~shahab
shahidi sharif.edu,http://sina.sharif.edu/~shahidi
shahram sharif.edu,http://sina.sharif.edu/~shahram
shahram.khazaei sharif.edu,http://sina.sharif.edu/~shahram.khazaei
shahrokhi sharif.edu,http://sina.sharif.edu/~shahrokhi
shahrokhian sharif.edu,http://sina.sharif.edu/~shahrokhian
shahshah sharif.edu,http://sina.sharif.edu/~shahshah
shamkhali sharif.edu,http://sina.sharif.edu/~shamkhali
shamloo sharif.edu,http://sina.sharif.edu/~shamloo
shamsai sharif.edu,http://sina.sharif.edu/~shamsai
shavandi sharif.edu,http://sina.sharif.edu/~shavandi
shayegan sharif.edu,http://sina.sharif.edu/~shayegan
sheikhzadeh sharif.edu,http://sina.sharif.edu/~sheikhzadeh
sheybani sharif.edu,http://sina.sharif.edu/~sheybani
shirehjini sharif.edu,http://sina.sharif.edu/~shirehjini
shishegar sharif.edu,http://sina.sharif.edu/~shishegar
shodja sharif.edu,http://sina.sharif.edu/~shodja
simchi sharif.edu,http://sina.sharif.edu/~simchi
sjamali sharif.edu,http://sina.sharif.edu/~sjamali
sjavadi sharif.edu,http://sina.sharif.edu/~sjavadi
skasaei sharif.edu,http://sina.sharif.edu/~skasaei
smajlesi sharif.edu,http://sina.sharif.edu/~smajlesi
smaleki sharif.edu,http://sina.sharif.edu/~smaleki
smhaeri sharif.edu,http://sina.sharif.edu/~smhaeri
smsanaei sharif.edu,http://sina.sharif.edu/~smsanaei
sohrabpour sharif.edu,http://sina.sharif.edu/~sohrabpour
soleymani sharif.edu,http://sina.sharif.edu/~soleymani
souri sharif.edu,http://sina.sharif.edu/~souri
souzanchi sharif.edu,http://sina.sharif.edu/~souzanchi
sreihani sharif.edu,http://sina.sharif.edu/~sreihani
srezaei sharif.edu,http://sina.sharif.edu/~srezaei
srouhani sharif.edu,http://sina.sharif.edu/~srouhani
stkanchi sharif.edu,http://sina.sharif.edu/~stkanchi
s_akbari sharif.edu,http://sina.sharif.edu/~s_akbari
s_hashemi sharif.edu,http://sina.sharif.edu/~s_hashemi
s_rahimi sharif.edu,http://sina.sharif.edu/~s_rahimi
s_rasimi sharif.edu,http://sina.sharif.edu/~s_rasimi
tabandeh sharif.edu,http://sina.sharif.edu/~tabandeh
tabesh sharif.edu,http://sina.sharif.edu/~tabesh
tabeshpour sharif.edu,http://sina.sharif.edu/~tabeshpour
tabiani sharif.edu,http://sina.sharif.edu/~tabiani
taeibi sharif.edu,http://sina.sharif.edu/~taeibi
tafazzoli sharif.edu,http://sina.sharif.edu/~tafazzoli
taghavinia sharif.edu,http://sina.sharif.edu/~taghavinia
taghikhani sharif.edu,http://sina.sharif.edu/~taghikhani
tahami sharif.edu,http://sina.sharif.edu/~tahami
tahvildari sharif.edu,http://sina.sharif.edu/~tahvildari
tajrishy sharif.edu,http://sina.sharif.edu/~tajrishy
tavasoli sharif.edu,http://sina.sharif.edu/~tavasoli
tavazoei sharif.edu,http://sina.sharif.edu/~tavazoei
teghlidos sharif.edu,http://sina.sharif.edu/~teghlidos
tofighi sharif.edu,http://sina.sharif.edu/~tofighi
torkian sharif.edu,http://sina.sharif.edu/~torkian
toufigh sharif.edu,http://sina.sharif.edu/~toufigh
towfighi sharif.edu,http://sina.sharif.edu/~towfighi
vaezi sharif.edu,http://sina.sharif.edu/~vaezi
vafaei sharif.edu,http://sina.sharif.edu/~vafaei
vafai sharif.edu,http://sina.sharif.edu/~vafai
vahdat sharif.edu,http://sina.sharif.edu/~vahdat
vahid sharif.edu,http://sina.sharif.edu/~vahid
vakilian sharif.edu,http://sina.sharif.edu/~vakilian
varahram sharif.edu,http://sina.sharif.edu/~varahram
vatankhah sharif.edu,http://sina.sharif.edu/~vatankhah
vaziri sharif.edu,http://sina.sharif.edu/~vaziri
vesaghi sharif.edu,http://sina.sharif.edu/~vesaghi
vhosseini sharif.edu,http://sina.sharif.edu/~vhosseini
vosoughi sharif.edu,http://sina.sharif.edu/~vosoughi
vossough sharif.edu,http://sina.sharif.edu/~vossough
yaghmaei sharif.edu,http://sina.sharif.edu/~yaghmaei
yoozbashi sharif.edu,http://sina.sharif.edu/~yoozbashi
yousefi sharif.edu,http://sina.sharif.edu/~yousefi
zamani sharif.edu,http://sina.sharif.edu/~zamani
zangeneh sharif.edu,http://sina.sharif.edu/~zangeneh
zarei sharif.edu,http://sina.sharif.edu/~zarei
zarrabi sharif.edu,http://sina.sharif.edu/~zarrabi
ziaei sharif.edu,http://sina.sharif.edu/~ziaei
znasiri sharif.edu,http://sina.sharif.edu/~znasiri
zohoor sharif.edu,http://sina.sharif.edu/~zohoor
zolfonun sharif.edu,http://sina.sharif.edu/~zolfonun
zolghadr sharif.edu,http://sina.sharif.edu/~zolghadr
